Workbook

Sheet Home
B2: Noor's Kitchen Planner
B3: 20 beloved Pakistani dishes, one clever spreadsheet. Happy cooking!
B5: Cooking for how many people? | D5: 1 | E5: <- every quantity, match % and shopping amount rescales instantly
B7: Live Kitchen Dashboard
B8: Meals ready right now (100% match): | F8: =COUNTIF('What Can I Cook'!$M$4:$M$25,1) -> 5
B9: Items to buy this week: | F9: ='Shopping List'!$C$3 -> 20
B10: Meals logged in the Cook Log: | F10: =COUNTIF($B$28:$B$39,"?*") -> 0
B11: Tonight's best match: | F11: ='What Can I Cook'!$F$4 -> Aalu (Masala Aloo)
B13: Top 10 - Best Matches Tonight (click to open the recipe)
B14: Rank | C14: ID | D14: Dish | F14: Match % | G14: Video | H14: Recipe
B15: 1 | C15: =INDEX('What Can I Cook'!$L$4:$L$25,MATCH(LARGE('What Can I Cook'!$N$4:$N$25,$B15),'What Can I Cook'!$N$4:$N$25,0)) -> R016 | D15: =VLOOKUP($C15,Lists!$A$2:$B$23,2,0) -> Aalu (Masala Aloo) | F15: =INDEX('What Can I Cook'!$M$4:$M$25,MATCH($C15,'What Can I Cook'!$L$4:$L$25,0)) -> 1 | G15: =HYPERLINK(INDEX(Lists!$E$2:$E$23,MATCH($C15,Lists!$A$2:$A$23,0)),"> Watch") -> > Watch | H15: =HYPERLINK(INDEX(Lists!$D$2:$D$23,MATCH($C15,Lists!$A$2:$A$23,0)),"Read") -> Read
B16: 2 | C16: =INDEX('What Can I Cook'!$L$4:$L$25,MATCH(LARGE('What Can I Cook'!$N$4:$N$25,$B16),'What Can I Cook'!$N$4:$N$25,0)) -> R006b | D16: =VLOOKUP($C16,Lists!$A$2:$B$23,2,0) -> Daal Mash with Tadka | F16: =INDEX('What Can I Cook'!$M$4:$M$25,MATCH($C16,'What Can I Cook'!$L$4:$L$25,0)) -> 1 | G16: =HYPERLINK(INDEX(Lists!$E$2:$E$23,MATCH($C16,Lists!$A$2:$A$23,0)),"> Watch") -> > Watch | H16: =HYPERLINK(INDEX(Lists!$D$2:$D$23,MATCH($C16,Lists!$A$2:$A$23,0)),"Read") -> Read
B17: 3 | C17: =INDEX('What Can I Cook'!$L$4:$L$25,MATCH(LARGE('What Can I Cook'!$N$4:$N$25,$B17),'What Can I Cook'!$N$4:$N$25,0)) -> R006a | D17: =VLOOKUP($C17,Lists!$A$2:$B$23,2,0) -> Daal Chana (Masala) | F17: =INDEX('What Can I Cook'!$M$4:$M$25,MATCH($C17,'What Can I Cook'!$L$4:$L$25,0)) -> 1 | G17: =HYPERLINK(INDEX(Lists!$E$2:$E$23,MATCH($C17,Lists!$A$2:$A$23,0)),"> Watch") -> > Watch | H17: =HYPERLINK(INDEX(Lists!$D$2:$D$23,MATCH($C17,Lists!$A$2:$A$23,0)),"Read") -> Read
B18: 4 | C18: =INDEX('What Can I Cook'!$L$4:$L$25,MATCH(LARGE('What Can I Cook'!$N$4:$N$25,$B18),'What Can I Cook'!$N$4:$N$25,0)) -> R004 | D18: =VLOOKUP($C18,Lists!$A$2:$B$23,2,0) -> Chicken Karahi (Fire) | F18: =INDEX('What Can I Cook'!$M$4:$M$25,MATCH($C18,'What Can I Cook'!$L$4:$L$25,0)) -> 1 | G18: =HYPERLINK(INDEX(Lists!$E$2:$E$23,MATCH($C18,Lists!$A$2:$A$23,0)),"> Watch") -> > Watch | H18: =HYPERLINK(INDEX(Lists!$D$2:$D$23,MATCH($C18,Lists!$A$2:$A$23,0)),"Read") -> Read
B19: 5 | C19: =INDEX('What Can I Cook'!$L$4:$L$25,MATCH(LARGE('What Can I Cook'!$N$4:$N$25,$B19),'What Can I Cook'!$N$4:$N$25,0)) -> R002 | D19: =VLOOKUP($C19,Lists!$A$2:$B$23,2,0) -> Chicken Yakhni Pulao | F19: =INDEX('What Can I Cook'!$M$4:$M$25,MATCH($C19,'What Can I Cook'!$L$4:$L$25,0)) -> 1 | G19: =HYPERLINK(INDEX(Lists!$E$2:$E$23,MATCH($C19,Lists!$A$2:$A$23,0)),"> Watch") -> > Watch | H19: =HYPERLINK(INDEX(Lists!$D$2:$D$23,MATCH($C19,Lists!$A$2:$A$23,0)),"Read") -> Read
B20: 6 | C20: =INDEX('What Can I Cook'!$L$4:$L$25,MATCH(LARGE('What Can I Cook'!$N$4:$N$25,$B20),'What Can I Cook'!$N$4:$N$25,0)) -> R017 | D20: =VLOOKUP($C20,Lists!$A$2:$B$23,2,0) -> Qeema (Dhaba Style Aloo Qeema) | F20: =INDEX('What Can I Cook'!$M$4:$M$25,MATCH($C20,'What Can I Cook'!$L$4:$L$25,0)) -> 0.93333333 | G20: =HYPERLINK(INDEX(Lists!$E$2:$E$23,MATCH($C20,Lists!$A$2:$A$23,0)),"> Watch") -> > Watch | H20: =HYPERLINK(INDEX(Lists!$D$2:$D$23,MATCH($C20,Lists!$A$2:$A$23,0)),"Read") -> Read
B21: 7 | C21: =INDEX('What Can I Cook'!$L$4:$L$25,MATCH(LARGE('What Can I Cook'!$N$4:$N$25,$B21),'What Can I Cook'!$N$4:$N$25,0)) -> R008 | D21: =VLOOKUP($C21,Lists!$A$2:$B$23,2,0) -> Shami Kabab | F21: =INDEX('What Can I Cook'!$M$4:$M$25,MATCH($C21,'What Can I Cook'!$L$4:$L$25,0)) -> 0.93333333 | G21: =HYPERLINK(INDEX(Lists!$E$2:$E$23,MATCH($C21,Lists!$A$2:$A$23,0)),"> Watch") -> > Watch | H21: =HYPERLINK(INDEX(Lists!$D$2:$D$23,MATCH($C21,Lists!$A$2:$A$23,0)),"Read") -> Read
B22: 8 | C22: =INDEX('What Can I Cook'!$L$4:$L$25,MATCH(LARGE('What Can I Cook'!$N$4:$N$25,$B22),'What Can I Cook'!$N$4:$N$25,0)) -> R014 | D22: =VLOOKUP($C22,Lists!$A$2:$B$23,2,0) -> Gobi Masala (Dhaba Style) | F22: =INDEX('What Can I Cook'!$M$4:$M$25,MATCH($C22,'What Can I Cook'!$L$4:$L$25,0)) -> 0.92857143 | G22: =HYPERLINK(INDEX(Lists!$E$2:$E$23,MATCH($C22,Lists!$A$2:$A$23,0)),"> Watch") -> > Watch | H22: =HYPERLINK(INDEX(Lists!$D$2:$D$23,MATCH($C22,Lists!$A$2:$A$23,0)),"Read") -> Read
B23: 9 | C23: =INDEX('What Can I Cook'!$L$4:$L$25,MATCH(LARGE('What Can I Cook'!$N$4:$N$25,$B23),'What Can I Cook'!$N$4:$N$25,0)) -> R009 | D23: =VLOOKUP($C23,Lists!$A$2:$B$23,2,0) -> Chicken Manchurian | F23: =INDEX('What Can I Cook'!$M$4:$M$25,MATCH($C23,'What Can I Cook'!$L$4:$L$25,0)) -> 0.92857143 | G23: =HYPERLINK(INDEX(Lists!$E$2:$E$23,MATCH($C23,Lists!$A$2:$A$23,0)),"> Watch") -> > Watch | H23: =HYPERLINK(INDEX(Lists!$D$2:$D$23,MATCH($C23,Lists!$A$2:$A$23,0)),"Read") -> Read
B24: 10 | C24: =INDEX('What Can I Cook'!$L$4:$L$25,MATCH(LARGE('What Can I Cook'!$N$4:$N$25,$B24),'What Can I Cook'!$N$4:$N$25,0)) -> R019 | D24: =VLOOKUP($C24,Lists!$A$2:$B$23,2,0) -> Khichri (Spicy Fried Khichdi) | F24: =INDEX('What Can I Cook'!$M$4:$M$25,MATCH($C24,'What Can I Cook'!$L$4:$L$25,0)) -> 0.91666667 | G24: =HYPERLINK(INDEX(Lists!$E$2:$E$23,MATCH($C24,Lists!$A$2:$A$23,0)),"> Watch") -> > Watch | H24: =HYPERLINK(INDEX(Lists!$D$2:$D$23,MATCH($C24,Lists!$A$2:$A$23,0)),"Read") -> Read
B26: Cook Log - what did you cook? | E26: (all dropdowns - pantry deducts the exact scaled amounts instantly)
B27: Dish | C27: Date | D27: Meal | E27: People fed
B41: How it works
B42: 1. Set how many people you're cooking for (yellow box above) - everything rescales: recipe card amounts, availability, match % and dish shopping lists.
B43: 2. Cooked something? Log it above: dish, date, meal, people fed - all dropdowns. The Pantry deducts the exact scaled quantities automatically.
B44: 3. RECIPES tab: search box with instant preview; every dish has a Video and a Written recipe column (best-rated Food Fusion versions).
B45: 4. RECIPE CARD tab: pick a dish, see exactly what you need for your party size, what's in the pantry, and what to buy - with one-click video/recipe links.
B46: 5. PANTRY tab: dish-check panel tells you instantly if you can cook a dish; photo entry = send a fridge/grocery photo to Claude, type in what it reads out.
B47: 6. SHOPPING LIST tab: auto-aggregated by aisle with Islamabad store suggestions; 'Shop for a dish' panel lists exactly what a single dish needs.
B48: 7. Checkboxes everywhere: click the cell, pick the ticked box from the dropdown. On Excel 365 you can also use Insert > Checkbox.
B49: Keep ingredient names exactly as written (e.g. Ginger_Garlic_Paste) - automation matches on names.
B51: Made with love for Noor - from your Aly

Sheet Lists
A2: R001 | B2: Chicken Biryani (Extreme) | C2: 6 | D2: https://foodfusion.com/recipe/extreme-chicken-biryani/ | E2: https://www.youtube.com/watch?v=40VJanswaAQ | F2: 1 | G2: =TEXT(TODAY()-6,"DD-MMM-YYYY") -> 01-Jul-2026 | H2: Breakfast
A3: R002 | B3: Chicken Yakhni Pulao | C3: 5 | D3: https://foodfusion.com/recipe/chicken-yakhni-pulao/ | E3: https://www.youtube.com/watch?v=QaZWOGs82Nw | F3: 2 | G3: =TEXT(TODAY()-5,"DD-MMM-YYYY") -> 02-Jul-2026 | H3: Lunch
A4: R003 | B4: Red Beans (Lal Lobia Masala) | C4: 4 | D4: https://foodfusion.com/recipe/lal-lobia-masala/ | E4: https://www.youtube.com/watch?v=mFfYhYCzyVg | F4: 3 | G4: =TEXT(TODAY()-4,"DD-MMM-YYYY") -> 03-Jul-2026 | H4: Dinner
A5: R004 | B5: Chicken Karahi (Fire) | C5: 5 | D5: https://foodfusion.com/recipe/fire-chicken-karahi/ | E5: https://www.youtube.com/watch?v=T3pQmbC1GW4 | F5: 4 | G5: =TEXT(TODAY()-3,"DD-MMM-YYYY") -> 04-Jul-2026 | H5: Chai / Snack
A6: R005 | B6: Chicken Qorma | C6: 6 | D6: https://www.foodfusion.com/recipe/chicken-korma/ | E6: https://www.youtube.com/watch?v=9jOH3TEB-NI | F6: 5 | G6: =TEXT(TODAY()-2,"DD-MMM-YYYY") -> 05-Jul-2026
A7: R006a | B7: Daal Chana (Masala) | C7: 4 | D7: https://www.foodfusion.com/recipe/masala-chana-daal/ | E7: https://www.youtube.com/watch?v=72Sy9j7DLVk | F7: 6 | G7: =TEXT(TODAY()-1,"DD-MMM-YYYY") -> 06-Jul-2026
A8: R006b | B8: Daal Mash with Tadka | C8: 4 | D8: https://www.foodfusion.com/recipe/mash-daal-with-tadka/ | E8: https://www.youtube.com/watch?v=iyO-3eD_fs8 | F8: 7 | G8: =TEXT(TODAY()-0,"DD-MMM-YYYY") -> 07-Jul-2026
A9: R006c | B9: Daal Masoor (Malka) | C9: 4 | D9: https://www.foodfusion.com/recipe/malka-masoor-daal-with-quick-achaar/ | E9: https://www.youtube.com/watch?v=s1rA4kd1Wfg | F9: 8 | G9: =TEXT(TODAY()--1,"DD-MMM-YYYY") -> 08-Jul-2026
A10: R007 | B10: Beef Salan (Aloo Gosht, Delhi) | C10: 5 | D10: https://www.foodfusion.com/recipe/aloo-ghosht-delhi-style-recipe/ | E10: https://www.youtube.com/watch?v=cbzmggwKZbw | F10: 9 | G10: =TEXT(TODAY()--2,"DD-MMM-YYYY") -> 09-Jul-2026
A11: R008 | B11: Shami Kabab | C11: 6 | D11: https://www.foodfusion.com/recipe/shami-kabab-recipe/ | E11: https://www.youtube.com/watch?v=vhXMVKd1OGI | F11: 10 | G11: =TEXT(TODAY()--3,"DD-MMM-YYYY") -> 10-Jul-2026
A12: R009 | B12: Chicken Manchurian | C12: 4 | D12: https://www.foodfusion.com/recipe/chicken-manchurian/ | E12: https://www.youtube.com/watch?v=WM-i9wGT4zk | F12: 11
A13: R010 | B13: Chinese Fried Rice | C13: 4 | D13: https://www.foodfusion.com/recipe/chinese-fried-rice/ | E13: https://www.youtube.com/watch?v=P2tIt4bZNmI | F13: 12
A14: R011 | B14: One Pot Spicy Pasta | C14: 4 | D14: https://foodfusion.com/recipe/one-pot-spicy-pasta/ | E14: https://www.youtube.com/watch?v=a6nYTLyi6sU
A15: R012 | B15: Chicken Macaroni (Korma-style) | C15: 4 | D15: https://www.foodfusion.com/recipe/chicken-korma-masala/ | E15: https://www.youtube.com/watch?v=1epkIJdJCds
A16: R013 | B16: Bhindi (Masala Aloo Bhindi) | C16: 4 | D16: https://foodfusion.com/recipe/masala-aloo-bhindi/ | E16: https://www.youtube.com/watch?v=NZwQExS8u9k
A17: R014 | B17: Gobi Masala (Dhaba Style) | C17: 4 | D17: https://foodfusion.com/recipe/dhaba-style-mix-vegetable/ | E17: https://www.youtube.com/watch?v=L7LXJ7FiRPA
A18: R015 | B18: Karela (Qeema Karelay) | C18: 4 | D18: https://www.foodfusion.com/recipe/qeema-karaley/ | E18: https://www.youtube.com/watch?v=C2p7idVXhE8
A19: R016 | B19: Aalu (Masala Aloo) | C19: 4 | D19: https://www.foodfusion.com/recipe/masala-aloo-recipe/ | E19: https://www.youtube.com/watch?v=cwps_0u-vPQ
A20: R017 | B20: Qeema (Dhaba Style Aloo Qeema) | C20: 5 | D20: https://foodfusion.com/recipe/dhaba-style-aloo-qeema/ | E20: https://www.youtube.com/shorts/qVQCbXiU7_A
A21: R018 | B21: Beef Nihari | C21: 6 | D21: https://www.foodfusion.com/recipe/perfect-beef-nihari-recipe/ | E21: https://www.youtube.com/watch?v=mZOXDAvMCM4
A22: R019 | B22: Khichri (Spicy Fried Khichdi) | C22: 4 | D22: https://www.foodfusion.com/recipe/spicy-fried-khichdi-recipe/ | E22: https://www.youtube.com/watch?v=H71MWbyhO0E
A23: R020 | B23: Saag (Sarson Ka Saag) | C23: 5 | D23: https://www.foodfusion.com/recipe/sarson-ka-saag-recipe/ | E23: https://www.youtube.com/watch?v=XH2_pWrguvI

Sheet Recipes
A1: Recipes - 20 Pakistani Classics
A2: Pick a dish in the yellow search box for an instant preview, or browse the table. Video and written recipe are one click away.
A3: Find a recipe: | F3: =IF($C$3="","pick a dish","Serves "&INDEX(Lists!$C$2:$C$23,MATCH($C$3,Lists!$B$2:$B$23,0))&" | "&INDEX($D$6:$D$27,MATCH($C$3,$B$6:$B$27,0))&" | "&INDEX(Recipes!$H$6:$H$27,MATCH($C$3,$B$6:$B$27,0))) -> pick a dish | I3: =IF($C$3="","",HYPERLINK("#'Recipe Card'!A1","Open Recipe Card >"))
A5: Recipe_ID | B5: Recipe_Name | C5: Serves (persons) | D5: Prep/Cook Time | E5: Video Recipe | F5: Written Recipe | G5: Full Ingredient List | H5: Notes
A6: R001 | B6: Chicken Biryani (Extreme) | C6: 6 | D6: 1 hr 15 min | E6: > Watch video | F6: Read recipe | G6: Chicken - 1 kg Basmati Rice - 0.75 kg Onion - 3 unit Tomato - 3 unit Yogurt - 1 cup Ginger Garlic Paste - 2 tbsp Biryani Masala - 3 tbsp Cooking Oil - 1 cup Mint - 1 bunch Fresh Coriander - 1 bunch Green Chilli - 6 unit Lemon - 1 unit Salt - 2 tsp Fried Onion - 1 cup Kewra Water - 1 tsp | H6: Medium-hot, layered dum biryani. Use aged basmati; kewra at the end.
A7: R002 | B7: Chicken Yakhni Pulao | C7: 5 | D7: 1 hr | E7: > Watch video | F7: Read recipe | G7: Chicken - 1 kg Basmati Rice - 0.75 kg Onion - 2 unit Whole Spices Mix - 2 tbsp Cumin Seeds - 2 tsp Coriander Seeds - 2 tsp Fennel Seeds - 2 tsp Ginger Garlic Paste - 2 tbsp Yogurt - 0.5 cup Cooking Oil - 0.75 cup Salt - 2 tsp Green Chilli - 4 unit | H7: Mild, whole-spice yakhni. Strain stock well for clear grains.
A8: R003 | B8: Red Beans (Lal Lobia Masala) | C8: 4 | D8: 1 hr 10 min | E8: > Watch video | F8: Read recipe | G8: Red Kidney Beans - 375 g Onion - 2 unit Tomato - 3 unit Ginger Garlic Paste - 1.5 tbsp Red Chilli Powder - 2 tsp Turmeric Powder - 0.5 tsp Coriander Powder - 2 tsp Cumin Seeds - 1 tsp Garam Masala Powder - 1 tsp Cooking Oil - 0.5 cup Salt - 1.5 tsp Fresh Coriander - 0.5 bunch | H8: Soak beans overnight; boil 45-50 min until tender. Protein-packed.
A9: R004 | B9: Chicken Karahi (Fire) | C9: 5 | D9: 45 min | E9: > Watch video | F9: Read recipe | G9: Chicken - 1 kg Tomato - 6 unit Ginger Garlic Paste - 2 tbsp Green Chilli - 8 unit Ginger - 2 inch Yogurt - 0.5 cup Red Chilli Powder - 2 tsp Black Pepper Powder - 1 tsp Cumin Seeds - 2 tsp Coriander Seeds - 2 tsp Cooking Oil - 0.75 cup Salt - 2 tsp Fresh Coriander - 0.5 bunch Butter - 2 tbsp | H9: Hot & spicy. Authentic karahi = tomatoes and ginger, no onion.
A10: R005 | B10: Chicken Qorma | C10: 6 | D10: 1 hr | E10: > Watch video | F10: Read recipe | G10: Chicken - 1 kg Onion - 3 unit Yogurt - 1 cup Ghee - 6 tbsp Ginger Garlic Paste - 2 tbsp Whole Spices Mix - 2 tbsp Red Chilli Powder - 2 tsp Coriander Powder - 2 tsp Garam Masala Powder - 1 tsp Fried Onion - 0.5 cup Kewra Water - 1 tsp Salt - 2 tsp | H10: Shadi-style qorma; fried onion + kewra finish. Ghee makes it.
A11: R006a | B11: Daal Chana (Masala) | C11: 4 | D11: 50 min | E11: > Watch video | F11: Read recipe | G11: Chana Daal - 375 g Onion - 1 unit Tomato - 2 unit Green Chilli - 3 unit Ginger Garlic Paste - 1 tbsp Cumin Seeds - 2 tsp Red Chilli Powder - 1.5 tsp Turmeric Powder - 0.5 tsp Cooking Oil - 0.5 cup Salt - 1.5 tsp Fresh Coriander - 0.5 bunch Curry Leaves - 2 sprig | H11: Soak 30 min. Finish with cumin + curry leaf tarka.
A12: R006b | B12: Daal Mash with Tadka | C12: 4 | D12: 45 min | E12: > Watch video | F12: Read recipe | G12: Mash Daal - 300 g Onion - 1 unit Tomato - 1 unit Ginger - 2 inch Green Chilli - 3 unit Cumin Seeds - 2 tsp Red Chilli Powder - 1.5 tsp Turmeric Powder - 0.5 tsp Cooking Oil - 0.5 cup Salt - 1.5 tsp Fresh Coriander - 0.5 bunch Butter - 2 tbsp | H12: Dry-style mash daal; ginger julienne + butter tadka on top.
A13: R006c | B13: Daal Masoor (Malka) | C13: 4 | D13: 40 min | E13: > Watch video | F13: Read recipe | G13: Masoor Daal - 300 g Onion - 1 unit Tomato - 2 unit Ginger Garlic Paste - 1 tbsp Cumin Seeds - 1.5 tsp Red Chilli Powder - 1.5 tsp Turmeric Powder - 0.75 tsp Cooking Oil - 0.5 cup Salt - 1.5 tsp Curry Leaves - 2 sprig Green Chilli - 2 unit Lemon - 1 unit | H13: Everyday comfort daal; squeeze of lemon lifts it.
A14: R007 | B14: Beef Salan (Aloo Gosht, Delhi) | C14: 5 | D14: 1 hr 30 min | E14: > Watch video | F14: Read recipe | G14: Beef Boneless - 0.75 kg Potato - 4 unit Onion - 3 unit Ginger Garlic Paste - 2 tbsp Yogurt - 0.5 cup Red Chilli Powder - 2 tsp Kashmiri Red Chilli Powder - 1 tsp Turmeric Powder - 1 tsp Coriander Powder - 2 tsp Whole Spices Mix - 1 tbsp Cooking Oil - 0.75 cup Salt - 2 tsp Fresh Coriander - 0.5 bunch Green Chilli - 3 unit | H14: Classic shorba-wala salan; slow-cook beef till tender.
A15: R008 | B15: Shami Kabab | C15: 6 | D15: 1 hr | E15: > Watch video | F15: Read recipe | G15: Beef Mince - 0.5 kg Chana Daal - 250 g Onion - 1 unit Whole Spices Mix - 2 tbsp Ginger Garlic Paste - 2 tbsp Turmeric Powder - 1 tsp Salt - 2 tsp Coriander Seeds - 2 tsp Cumin Seeds - 2 tsp Eggs - 2 unit Green Chilli - 4 unit Mint - 0.5 bunch Fresh Coriander - 0.5 bunch Cooking Oil - 0.5 cup Red Chilli Powder - 2 tsp | H15: Makes 12-14; freeze extras. Wash daal, don't soak it.
A16: R009 | B16: Chicken Manchurian | C16: 4 | D16: 40 min | E16: > Watch video | F16: Read recipe | G16: Chicken - 0.5 kg Eggs - 1 unit Cornflour - 4 tbsp Ketchup - 6 tbsp Chilli Garlic Sauce - 4 tbsp Soy Sauce - 2 tbsp Vinegar - 2 tbsp Sugar - 2 tsp Black Pepper Powder - 1 tsp Capsicum - 1 unit Spring Onion - 2 unit Cooking Oil - 1 cup Salt - 1 tsp Ginger Garlic Paste - 1 tbsp | H16: Desi-Chinese; sweet, hot & sour. Pair with fried rice (R010).
A17: R010 | B17: Chinese Fried Rice | C17: 4 | D17: 30 min | E17: > Watch video | F17: Read recipe | G17: Basmati Rice - 0.5 kg Eggs - 2 unit Carrot - 1 unit Cabbage - 200 g Spring Onion - 3 unit Soy Sauce - 2 tbsp Vinegar - 1 tbsp Black Pepper Powder - 1 tsp Salt - 1 tsp Cooking Oil - 0.5 cup Capsicum - 1 unit | H17: Day-old boiled rice gives the best texture.
... A27: R020 | B27: Saag (Sarson Ka Saag) | C27: 5 | D27: 3 hr slow cook | E27: > Watch video | F27: Read recipe | G27: Mustard Greens Saag - 3 bunch Spinach - 2 bunch Green Chilli - 4 unit Maize Flour Makai - 4 tbsp Butter - 4 tbsp Ginger - 2 inch Cooking Oil - 0.25 cup Salt - 2 tsp Red Chilli Powder - 1 tsp Ginger Garlic Paste - 1 tbsp | H27: Slow-cook 2-3 hrs; serve with makai ki roti & white butter.

Sheet Data
A1: ENGINE - one row per recipe ingredient. Do not edit.
A2: Recipe_ID | B2: Recipe_Name | C2: Ingredient | D2: Qty(base) | E2: Unit | F2: Serves | G2: Per_Person | H2: Persons_Cooked | I2: Qty_Used | J2: Need_Now | K2: Pantry_Left | L2: Have(1/0) | M2: Shortfall
A3: R001 | B3: Chicken Biryani (Extreme) | C3: Chicken | D3: 1 | E3: kg | F3: 6 | G3: =$D3/$F3 -> 0.16666667 | H3: =SUMIFS(Home!$E$28:$E$39,Home!$B$28:$B$39,$B3) -> 0 | I3: =$G3*$H3 -> 0 | J3: =$G3*Home!$D$5 -> 0.16666667 | K3: =INDEX(Pantry!$I$7:$I$68,MATCH($C3,Pantry!$A$7:$A$68,0)) -> 1 | L3: =IF($K3>=$J3-0.0001,1,0) -> 1 | M3: =MAX(0,$J3-$K3) -> 0
A4: R001 | B4: Chicken Biryani (Extreme) | C4: Basmati_Rice | D4: 0.75 | E4: kg | F4: 6 | G4: =$D4/$F4 -> 0.125 | H4: =SUMIFS(Home!$E$28:$E$39,Home!$B$28:$B$39,$B4) -> 0 | I4: =$G4*$H4 -> 0 | J4: =$G4*Home!$D$5 -> 0.125 | K4: =INDEX(Pantry!$I$7:$I$68,MATCH($C4,Pantry!$A$7:$A$68,0)) -> 3 | L4: =IF($K4>=$J4-0.0001,1,0) -> 1 | M4: =MAX(0,$J4-$K4) -> 0
A5: R001 | B5: Chicken Biryani (Extreme) | C5: Onion | D5: 3 | E5: unit | F5: 6 | G5: =$D5/$F5 -> 0.5 | H5: =SUMIFS(Home!$E$28:$E$39,Home!$B$28:$B$39,$B5) -> 0 | I5: =$G5*$H5 -> 0 | J5: =$G5*Home!$D$5 -> 0.5 | K5: =INDEX(Pantry!$I$7:$I$68,MATCH($C5,Pantry!$A$7:$A$68,0)) -> 6 | L5: =IF($K5>=$J5-0.0001,1,0) -> 1 | M5: =MAX(0,$J5-$K5) -> 0
A6: R001 | B6: Chicken Biryani (Extreme) | C6: Tomato | D6: 3 | E6: unit | F6: 6 | G6: =$D6/$F6 -> 0.5 | H6: =SUMIFS(Home!$E$28:$E$39,Home!$B$28:$B$39,$B6) -> 0 | I6: =$G6*$H6 -> 0 | J6: =$G6*Home!$D$5 -> 0.5 | K6: =INDEX(Pantry!$I$7:$I$68,MATCH($C6,Pantry!$A$7:$A$68,0)) -> 4 | L6: =IF($K6>=$J6-0.0001,1,0) -> 1 | M6: =MAX(0,$J6-$K6) -> 0
A7: R001 | B7: Chicken Biryani (Extreme) | C7: Yogurt | D7: 1 | E7: cup | F7: 6 | G7: =$D7/$F7 -> 0.16666667 | H7: =SUMIFS(Home!$E$28:$E$39,Home!$B$28:$B$39,$B7) -> 0 | I7: =$G7*$H7 -> 0 | J7: =$G7*Home!$D$5 -> 0.16666667 | K7: =INDEX(Pantry!$I$7:$I$68,MATCH($C7,Pantry!$A$7:$A$68,0)) -> 2 | L7: =IF($K7>=$J7-0.0001,1,0) -> 1 | M7: =MAX(0,$J7-$K7) -> 0
A8: R001 | B8: Chicken Biryani (Extreme) | C8: Ginger_Garlic_Paste | D8: 2 | E8: tbsp | F8: 6 | G8: =$D8/$F8 -> 0.33333333 | H8: =SUMIFS(Home!$E$28:$E$39,Home!$B$28:$B$39,$B8) -> 0 | I8: =$G8*$H8 -> 0 | J8: =$G8*Home!$D$5 -> 0.33333333 | K8: =INDEX(Pantry!$I$7:$I$68,MATCH($C8,Pantry!$A$7:$A$68,0)) -> 1 | L8: =IF($K8>=$J8-0.0001,1,0) -> 1 | M8: =MAX(0,$J8-$K8) -> 0
A9: R001 | B9: Chicken Biryani (Extreme) | C9: Biryani_Masala | D9: 3 | E9: tbsp | F9: 6 | G9: =$D9/$F9 -> 0.5 | H9: =SUMIFS(Home!$E$28:$E$39,Home!$B$28:$B$39,$B9) -> 0 | I9: =$G9*$H9 -> 0 | J9: =$G9*Home!$D$5 -> 0.5 | K9: =INDEX(Pantry!$I$7:$I$68,MATCH($C9,Pantry!$A$7:$A$68,0)) -> 2 | L9: =IF($K9>=$J9-0.0001,1,0) -> 1 | M9: =MAX(0,$J9-$K9) -> 0
A10: R001 | B10: Chicken Biryani (Extreme) | C10: Cooking_Oil | D10: 1 | E10: cup | F10: 6 | G10: =$D10/$F10 -> 0.16666667 | H10: =SUMIFS(Home!$E$28:$E$39,Home!$B$28:$B$39,$B10) -> 0 | I10: =$G10*$H10 -> 0 | J10: =$G10*Home!$D$5 -> 0.16666667 | K10: =INDEX(Pantry!$I$7:$I$68,MATCH($C10,Pantry!$A$7:$A$68,0)) -> 5 | L10: =IF($K10>=$J10-0.0001,1,0) -> 1 | M10: =MAX(0,$J10-$K10) -> 0
A11: R001 | B11: Chicken Biryani (Extreme) | C11: Mint | D11: 1 | E11: bunch | F11: 6 | G11: =$D11/$F11 -> 0.16666667 | H11: =SUMIFS(Home!$E$28:$E$39,Home!$B$28:$B$39,$B11) -> 0 | I11: =$G11*$H11 -> 0 | J11: =$G11*Home!$D$5 -> 0.16666667 | K11: =INDEX(Pantry!$I$7:$I$68,MATCH($C11,Pantry!$A$7:$A$68,0)) -> 0 | L11: =IF($K11>=$J11-0.0001,1,0) -> 0 | M11: =MAX(0,$J11-$K11) -> 0.16666667
A12: R001 | B12: Chicken Biryani (Extreme) | C12: Fresh_Coriander | D12: 1 | E12: bunch | F12: 6 | G12: =$D12/$F12 -> 0.16666667 | H12: =SUMIFS(Home!$E$28:$E$39,Home!$B$28:$B$39,$B12) -> 0 | I12: =$G12*$H12 -> 0 | J12: =$G12*Home!$D$5 -> 0.16666667 | K12: =INDEX(Pantry!$I$7:$I$68,MATCH($C12,Pantry!$A$7:$A$68,0)) -> 2 | L12: =IF($K12>=$J12-0.0001,1,0) -> 1 | M12: =MAX(0,$J12-$K12) -> 0
A13: R001 | B13: Chicken Biryani (Extreme) | C13: Green_Chilli | D13: 6 | E13: unit | F13: 6 | G13: =$D13/$F13 -> 1 | H13: =SUMIFS(Home!$E$28:$E$39,Home!$B$28:$B$39,$B13) -> 0 | I13: =$G13*$H13 -> 0 | J13: =$G13*Home!$D$5 -> 1 | K13: =INDEX(Pantry!$I$7:$I$68,MATCH($C13,Pantry!$A$7:$A$68,0)) -> 10 | L13: =IF($K13>=$J13-0.0001,1,0) -> 1 | M13: =MAX(0,$J13-$K13) -> 0
A14: R001 | B14: Chicken Biryani (Extreme) | C14: Lemon | D14: 1 | E14: unit | F14: 6 | G14: =$D14/$F14 -> 0.16666667 | H14: =SUMIFS(Home!$E$28:$E$39,Home!$B$28:$B$39,$B14) -> 0 | I14: =$G14*$H14 -> 0 | J14: =$G14*Home!$D$5 -> 0.16666667 | K14: =INDEX(Pantry!$I$7:$I$68,MATCH($C14,Pantry!$A$7:$A$68,0)) -> 1 | L14: =IF($K14>=$J14-0.0001,1,0) -> 1 | M14: =MAX(0,$J14-$K14) -> 0
... A278: R020 | B278: Saag (Sarson Ka Saag) | C278: Ginger_Garlic_Paste | D278: 1 | E278: tbsp | F278: 5 | G278: =$D278/$F278 -> 0.2 | H278: =SUMIFS(Home!$E$28:$E$39,Home!$B$28:$B$39,$B278) -> 0 | I278: =$G278*$H278 -> 0 | J278: =$G278*Home!$D$5 -> 0.2 | K278: =INDEX(Pantry!$I$7:$I$68,MATCH($C278,Pantry!$A$7:$A$68,0)) -> 1 | L278: =IF($K278>=$J278-0.0001,1,0) -> 1 | M278: =MAX(0,$J278-$K278) -> 0

Sheet Pantry
A1: Pantry & Inventory
A2: Yellow cells = yours to edit. Log cooking on Home - quantities deduct automatically. Photo entry: send a fridge/grocery photo to Claude, it reads the items, you type them once here.
A3: Dish check: | F3: =IF($C$3="","pick a dish to check",IF(SUMPRODUCT((Data!$B$3:$B$278=$C$3)*(Data!$L$3:$L$278=0))=0,"ALL AVAILABLE for "&Home!$D$5&" people","MISSING "&SUMPRODUCT((Data!$B$3:$B$278=$C$3)*(Data!$L$3:$L$278=0))&" item(s)")) -> pick a dish to check
A4: Missing: | C4: {=IF($C$3="","",_xlfn.TEXTJOIN(", ",TRUE(),IF((Data!$B$3:$B$278=$C$3)*(Data!$M$3:$M$278>0),Data!$C$3:$C$278&" ("&TEXT(Data!$M$3:$M$278,"0.##")&" "&Data!$E$3:$E$278&")","")))}
A6: Ingredient | B6: Qty on Hand | C6: Unit | D6: Min Threshold | E6: Last Updated | F6: Entry Method | G6: Photo Notes | H6: Used (from Cook Log) | I6: Qty Left (auto) | J6: Status
A7: Bitter_Gourd_Karela | B7: 0 | C7: g | D7: 250 | E7: 46210 | F7: Typed | H7: =SUMIFS(Data!$I$3:$I$278,Data!$C$3:$C$278,$A7) -> 0 | I7: =MAX(0,$B7-$H7) -> 0 | J7: =IF($I7<$D7,"LOW - BUY","OK") -> LOW - BUY
A8: Cabbage | B8: 0 | C8: g | D8: 100 | E8: 46210 | F8: Typed | H8: =SUMIFS(Data!$I$3:$I$278,Data!$C$3:$C$278,$A8) -> 0 | I8: =MAX(0,$B8-$H8) -> 0 | J8: =IF($I8<$D8,"LOW - BUY","OK") -> LOW - BUY
A9: Capsicum | B9: 2 | C9: unit | D9: 1 | E9: 46210 | F9: Typed | H9: =SUMIFS(Data!$I$3:$I$278,Data!$C$3:$C$278,$A9) -> 0 | I9: =MAX(0,$B9-$H9) -> 2 | J9: =IF($I9<$D9,"LOW - BUY","OK") -> OK
A10: Carrot | B10: 3 | C10: unit | D10: 2 | E10: 46210 | F10: Typed | H10: =SUMIFS(Data!$I$3:$I$278,Data!$C$3:$C$278,$A10) -> 0 | I10: =MAX(0,$B10-$H10) -> 3 | J10: =IF($I10<$D10,"LOW - BUY","OK") -> OK
A11: Cauliflower_Gobi | B11: 0 | C11: unit | D11: 1 | E11: 46210 | F11: Typed | H11: =SUMIFS(Data!$I$3:$I$278,Data!$C$3:$C$278,$A11) -> 0 | I11: =MAX(0,$B11-$H11) -> 0 | J11: =IF($I11<$D11,"LOW - BUY","OK") -> LOW - BUY
A12: Curry_Leaves | B12: 4 | C12: sprig | D12: 2 | E12: 46210 | F12: Typed | H12: =SUMIFS(Data!$I$3:$I$278,Data!$C$3:$C$278,$A12) -> 0 | I12: =MAX(0,$B12-$H12) -> 4 | J12: =IF($I12<$D12,"LOW - BUY","OK") -> OK
A13: Fresh_Coriander | B13: 2 | C13: bunch | D13: 1 | E13: 46210 | F13: Typed | H13: =SUMIFS(Data!$I$3:$I$278,Data!$C$3:$C$278,$A13) -> 0 | I13: =MAX(0,$B13-$H13) -> 2 | J13: =IF($I13<$D13,"LOW - BUY","OK") -> OK
A14: Ginger | B14: 3 | C14: inch | D14: 2 | E14: 46210 | F14: Typed | H14: =SUMIFS(Data!$I$3:$I$278,Data!$C$3:$C$278,$A14) -> 0 | I14: =MAX(0,$B14-$H14) -> 3 | J14: =IF($I14<$D14,"LOW - BUY","OK") -> OK
A15: Green_Chilli | B15: 10 | C15: unit | D15: 5 | E15: 46210 | F15: Typed | H15: =SUMIFS(Data!$I$3:$I$278,Data!$C$3:$C$278,$A15) -> 0 | I15: =MAX(0,$B15-$H15) -> 10 | J15: =IF($I15<$D15,"LOW - BUY","OK") -> OK
A16: Lemon | B16: 1 | C16: unit | D16: 2 | E16: 46210 | F16: Typed | H16: =SUMIFS(Data!$I$3:$I$278,Data!$C$3:$C$278,$A16) -> 0 | I16: =MAX(0,$B16-$H16) -> 1 | J16: =IF($I16<$D16,"LOW - BUY","OK") -> LOW - BUY
A17: Mint | B17: 0 | C17: bunch | D17: 1 | E17: 46210 | F17: Typed | H17: =SUMIFS(Data!$I$3:$I$278,Data!$C$3:$C$278,$A17) -> 0 | I17: =MAX(0,$B17-$H17) -> 0 | J17: =IF($I17<$D17,"LOW - BUY","OK") -> LOW - BUY
A18: Mustard_Greens_Saag | B18: 0 | C18: bunch | D18: 2 | E18: 46210 | F18: Typed | H18: =SUMIFS(Data!$I$3:$I$278,Data!$C$3:$C$278,$A18) -> 0 | I18: =MAX(0,$B18-$H18) -> 0 | J18: =IF($I18<$D18,"LOW - BUY","OK") -> LOW - BUY
... A68: Red_Kidney_Beans | B68: 0 | C68: g | D68: 250 | E68: 46210 | F68: Typed | H68: =SUMIFS(Data!$I$3:$I$278,Data!$C$3:$C$278,$A68) -> 0 | I68: =MAX(0,$B68-$H68) -> 0 | J68: =IF($I68<$D68,"LOW - BUY","OK") -> LOW - BUY

Sheet Shopping List
A1: Shopping List
A2: Aggregated across all 20 recipes by aisle. BUY lights up when pantry drops below minimum. Tick the box as you shop.
A3: Items to buy this week: | C3: =COUNTIF($H$8:$H$69,"BUY") -> 20
A4: Buy this week: | C4: {=_xlfn.TEXTJOIN(", ",TRUE(),IF($H$8:$H$69="BUY",$B$8:$B$69,""))} -> Bitter_Gourd_Karela, Cabbage, Cauliflower_Gobi, Lemon, Mint, Mustard_Greens_Saag, Okra_Bhindi, Spring_Onion, Beef_Boneless, Beef_Shank_with_Bones, Fennel_Seeds, Kashmiri_Red_Chilli_Powder, Nihari_Masala, Chilli_Garlic_Sauce, Fried_Onion, Ginger_Garlic_Paste, Maize_Flour_Makai, Pasta, Masoor_Daal, Red_Kidney_Beans
A5: Shop for a dish: | E5: {=IF($C$5="","pick a dish and this lists exactly what to buy for it",IF(SUMPRODUCT((Data!$B$3:$B$278=$C$5)*(Data!$M$3:$M$278>0))=0,"Nothing needed - you have it all!",_xlfn.TEXTJOIN(", ",TRUE(),IF((Data!$B$3:$B$278=$C$5)*(Data!$M$3:$M$278>0),Data!$C$3:$C$278&" ("&TEXT(Data!$M$3:$M$278,"0.##")&" "&Data!$E$3:$E$278&")",""))))} -> pick a dish and this lists exactly what to buy for it
A7: Got it? | B7: Ingredient | C7: Total Needed (all recipes) | D7: Unit | E7: Aisle | F7: In Pantry Now | G7: Min Threshold | H7: Action | I7: Where to buy (Islamabad)
A8: ☐ | B8: Bitter_Gourd_Karela | C8: =SUMIFS(Data!$D$3:$D$278,Data!$C$3:$C$278,$B8) -> 500 | D8: g | E8: Produce | F8: =INDEX(Pantry!$I$7:$I$68,MATCH($B8,Pantry!$A$7:$A$68,0)) -> 0 | G8: =INDEX(Pantry!$D$7:$D$68,MATCH($B8,Pantry!$A$7:$A$68,0)) -> 250 | H8: =IF($F8<$G8,"BUY","OK") -> BUY | I8: Sabzi Mandi I-11 (bulk) / Save Mart / Metro online (3-hr)
A9: ☐ | B9: Cabbage | C9: =SUMIFS(Data!$D$3:$D$278,Data!$C$3:$C$278,$B9) -> 200 | D9: g | E9: Produce | F9: =INDEX(Pantry!$I$7:$I$68,MATCH($B9,Pantry!$A$7:$A$68,0)) -> 0 | G9: =INDEX(Pantry!$D$7:$D$68,MATCH($B9,Pantry!$A$7:$A$68,0)) -> 100 | H9: =IF($F9<$G9,"BUY","OK") -> BUY | I9: Sabzi Mandi I-11 (bulk) / Save Mart / Metro online (3-hr)
A10: ☐ | B10: Capsicum | C10: =SUMIFS(Data!$D$3:$D$278,Data!$C$3:$C$278,$B10) -> 3 | D10: unit | E10: Produce | F10: =INDEX(Pantry!$I$7:$I$68,MATCH($B10,Pantry!$A$7:$A$68,0)) -> 2 | G10: =INDEX(Pantry!$D$7:$D$68,MATCH($B10,Pantry!$A$7:$A$68,0)) -> 1 | H10: =IF($F10<$G10,"BUY","OK") -> OK | I10: Sabzi Mandi I-11 (bulk) / Save Mart / Metro online (3-hr)
A11: ☐ | B11: Carrot | C11: =SUMIFS(Data!$D$3:$D$278,Data!$C$3:$C$278,$B11) -> 2 | D11: unit | E11: Produce | F11: =INDEX(Pantry!$I$7:$I$68,MATCH($B11,Pantry!$A$7:$A$68,0)) -> 3 | G11: =INDEX(Pantry!$D$7:$D$68,MATCH($B11,Pantry!$A$7:$A$68,0)) -> 2 | H11: =IF($F11<$G11,"BUY","OK") -> OK | I11: Sabzi Mandi I-11 (bulk) / Save Mart / Metro online (3-hr)
A12: ☐ | B12: Cauliflower_Gobi | C12: =SUMIFS(Data!$D$3:$D$278,Data!$C$3:$C$278,$B12) -> 1 | D12: unit | E12: Produce | F12: =INDEX(Pantry!$I$7:$I$68,MATCH($B12,Pantry!$A$7:$A$68,0)) -> 0 | G12: =INDEX(Pantry!$D$7:$D$68,MATCH($B12,Pantry!$A$7:$A$68,0)) -> 1 | H12: =IF($F12<$G12,"BUY","OK") -> BUY | I12: Sabzi Mandi I-11 (bulk) / Save Mart / Metro online (3-hr)
A13: ☐ | B13: Curry_Leaves | C13: =SUMIFS(Data!$D$3:$D$278,Data!$C$3:$C$278,$B13) -> 6 | D13: sprig | E13: Produce | F13: =INDEX(Pantry!$I$7:$I$68,MATCH($B13,Pantry!$A$7:$A$68,0)) -> 4 | G13: =INDEX(Pantry!$D$7:$D$68,MATCH($B13,Pantry!$A$7:$A$68,0)) -> 2 | H13: =IF($F13<$G13,"BUY","OK") -> OK | I13: Sabzi Mandi I-11 (bulk) / Save Mart / Metro online (3-hr)
A14: ☐ | B14: Fresh_Coriander | C14: =SUMIFS(Data!$D$3:$D$278,Data!$C$3:$C$278,$B14) -> 6.5 | D14: bunch | E14: Produce | F14: =INDEX(Pantry!$I$7:$I$68,MATCH($B14,Pantry!$A$7:$A$68,0)) -> 2 | G14: =INDEX(Pantry!$D$7:$D$68,MATCH($B14,Pantry!$A$7:$A$68,0)) -> 1 | H14: =IF($F14<$G14,"BUY","OK") -> OK | I14: Sabzi Mandi I-11 (bulk) / Save Mart / Metro online (3-hr)
A15: ☐ | B15: Ginger | C15: =SUMIFS(Data!$D$3:$D$278,Data!$C$3:$C$278,$B15) -> 9 | D15: inch | E15: Produce | F15: =INDEX(Pantry!$I$7:$I$68,MATCH($B15,Pantry!$A$7:$A$68,0)) -> 3 | G15: =INDEX(Pantry!$D$7:$D$68,MATCH($B15,Pantry!$A$7:$A$68,0)) -> 2 | H15: =IF($F15<$G15,"BUY","OK") -> OK | I15: Sabzi Mandi I-11 (bulk) / Save Mart / Metro online (3-hr)
A16: ☐ | B16: Green_Chilli | C16: =SUMIFS(Data!$D$3:$D$278,Data!$C$3:$C$278,$B16) -> 54 | D16: unit | E16: Produce | F16: =INDEX(Pantry!$I$7:$I$68,MATCH($B16,Pantry!$A$7:$A$68,0)) -> 10 | G16: =INDEX(Pantry!$D$7:$D$68,MATCH($B16,Pantry!$A$7:$A$68,0)) -> 5 | H16: =IF($F16<$G16,"BUY","OK") -> OK | I16: Sabzi Mandi I-11 (bulk) / Save Mart / Metro online (3-hr)
A17: ☐ | B17: Lemon | C17: =SUMIFS(Data!$D$3:$D$278,Data!$C$3:$C$278,$B17) -> 5 | D17: unit | E17: Produce | F17: =INDEX(Pantry!$I$7:$I$68,MATCH($B17,Pantry!$A$7:$A$68,0)) -> 1 | G17: =INDEX(Pantry!$D$7:$D$68,MATCH($B17,Pantry!$A$7:$A$68,0)) -> 2 | H17: =IF($F17<$G17,"BUY","OK") -> BUY | I17: Sabzi Mandi I-11 (bulk) / Save Mart / Metro online (3-hr)
A18: ☐ | B18: Mint | C18: =SUMIFS(Data!$D$3:$D$278,Data!$C$3:$C$278,$B18) -> 1.5 | D18: bunch | E18: Produce | F18: =INDEX(Pantry!$I$7:$I$68,MATCH($B18,Pantry!$A$7:$A$68,0)) -> 0 | G18: =INDEX(Pantry!$D$7:$D$68,MATCH($B18,Pantry!$A$7:$A$68,0)) -> 1 | H18: =IF($F18<$G18,"BUY","OK") -> BUY | I18: Sabzi Mandi I-11 (bulk) / Save Mart / Metro online (3-hr)
A19: ☐ | B19: Mustard_Greens_Saag | C19: =SUMIFS(Data!$D$3:$D$278,Data!$C$3:$C$278,$B19) -> 3 | D19: bunch | E19: Produce | F19: =INDEX(Pantry!$I$7:$I$68,MATCH($B19,Pantry!$A$7:$A$68,0)) -> 0 | G19: =INDEX(Pantry!$D$7:$D$68,MATCH($B19,Pantry!$A$7:$A$68,0)) -> 2 | H19: =IF($F19<$G19,"BUY","OK") -> BUY | I19: Sabzi Mandi I-11 (bulk) / Save Mart / Metro online (3-hr)
... A69: ☐ | B69: Red_Kidney_Beans | C69: =SUMIFS(Data!$D$3:$D$278,Data!$C$3:$C$278,$B69) -> 375 | D69: g | E69: Canned/Legumes | F69: =INDEX(Pantry!$I$7:$I$68,MATCH($B69,Pantry!$A$7:$A$68,0)) -> 0 | G69: =INDEX(Pantry!$D$7:$D$68,MATCH($B69,Pantry!$A$7:$A$68,0)) -> 250 | H69: =IF($F69<$G69,"BUY","OK") -> BUY | I69: Metro / Save Mart / local kiryana store

Sheet What Can I Cook
A1: What Can I Cook Tonight? | F1: ="Cooking for "&Home!$D$5&" people - change this on the Home tab" -> Cooking for 1 people - change this on the Home tab
A2: Checklist syncs live from your Pantry. Rankings account for how many people you're feeding (set on Home). Green = dinner is ready.
A3: Have it? | B3: Ingredient | D3: Rank | E3: Recipe_ID | F3: Recipe | G3: Match % | H3: You're Missing | L3: rid | M3: match | N3: adj
A4: =IF(INDEX(Pantry!$I$7:$I$68,MATCH($B4,Pantry!$A$7:$A$68,0))>0,"☑","☐") -> ☐ | B4: Bitter_Gourd_Karela | D4: 1 | E4: =INDEX($L$4:$L$25,MATCH(LARGE($N$4:$N$25,$D4),$N$4:$N$25,0)) -> R016 | F4: =VLOOKUP($E4,Lists!$A$2:$B$23,2,0) -> Aalu (Masala Aloo) | G4: =INDEX($M$4:$M$25,MATCH($E4,$L$4:$L$25,0)) -> 1 | H4: {=_xlfn.TEXTJOIN(", ",TRUE(),IF((Data!$A$3:$A$278=$E4)*(Data!$L$3:$L$278=0),Data!$C$3:$C$278,""))} | L4: R001 | M4: =SUMIFS(Data!$L$3:$L$278,Data!$A$3:$A$278,$L4)/COUNTIFS(Data!$A$3:$A$278,$L4) -> 0.86666667 | N4: =$M4+ROW()/1000000 -> 0.86667067
A5: =IF(INDEX(Pantry!$I$7:$I$68,MATCH($B5,Pantry!$A$7:$A$68,0))>0,"☑","☐") -> ☐ | B5: Cabbage | D5: 2 | E5: =INDEX($L$4:$L$25,MATCH(LARGE($N$4:$N$25,$D5),$N$4:$N$25,0)) -> R006b | F5: =VLOOKUP($E5,Lists!$A$2:$B$23,2,0) -> Daal Mash with Tadka | G5: =INDEX($M$4:$M$25,MATCH($E5,$L$4:$L$25,0)) -> 1 | H5: {=_xlfn.TEXTJOIN(", ",TRUE(),IF((Data!$A$3:$A$278=$E5)*(Data!$L$3:$L$278=0),Data!$C$3:$C$278,""))} | L5: R002 | M5: =SUMIFS(Data!$L$3:$L$278,Data!$A$3:$A$278,$L5)/COUNTIFS(Data!$A$3:$A$278,$L5) -> 1 | N5: =$M5+ROW()/1000000 -> 1.000005
A6: =IF(INDEX(Pantry!$I$7:$I$68,MATCH($B6,Pantry!$A$7:$A$68,0))>0,"☑","☐") -> ☑ | B6: Capsicum | D6: 3 | E6: =INDEX($L$4:$L$25,MATCH(LARGE($N$4:$N$25,$D6),$N$4:$N$25,0)) -> R006a | F6: =VLOOKUP($E6,Lists!$A$2:$B$23,2,0) -> Daal Chana (Masala) | G6: =INDEX($M$4:$M$25,MATCH($E6,$L$4:$L$25,0)) -> 1 | H6: {=_xlfn.TEXTJOIN(", ",TRUE(),IF((Data!$A$3:$A$278=$E6)*(Data!$L$3:$L$278=0),Data!$C$3:$C$278,""))} | L6: R003 | M6: =SUMIFS(Data!$L$3:$L$278,Data!$A$3:$A$278,$L6)/COUNTIFS(Data!$A$3:$A$278,$L6) -> 0.91666667 | N6: =$M6+ROW()/1000000 -> 0.91667267
A7: =IF(INDEX(Pantry!$I$7:$I$68,MATCH($B7,Pantry!$A$7:$A$68,0))>0,"☑","☐") -> ☑ | B7: Carrot | D7: 4 | E7: =INDEX($L$4:$L$25,MATCH(LARGE($N$4:$N$25,$D7),$N$4:$N$25,0)) -> R004 | F7: =VLOOKUP($E7,Lists!$A$2:$B$23,2,0) -> Chicken Karahi (Fire) | G7: =INDEX($M$4:$M$25,MATCH($E7,$L$4:$L$25,0)) -> 1 | H7: {=_xlfn.TEXTJOIN(", ",TRUE(),IF((Data!$A$3:$A$278=$E7)*(Data!$L$3:$L$278=0),Data!$C$3:$C$278,""))} | L7: R004 | M7: =SUMIFS(Data!$L$3:$L$278,Data!$A$3:$A$278,$L7)/COUNTIFS(Data!$A$3:$A$278,$L7) -> 1 | N7: =$M7+ROW()/1000000 -> 1.000007
A8: =IF(INDEX(Pantry!$I$7:$I$68,MATCH($B8,Pantry!$A$7:$A$68,0))>0,"☑","☐") -> ☐ | B8: Cauliflower_Gobi | D8: 5 | E8: =INDEX($L$4:$L$25,MATCH(LARGE($N$4:$N$25,$D8),$N$4:$N$25,0)) -> R002 | F8: =VLOOKUP($E8,Lists!$A$2:$B$23,2,0) -> Chicken Yakhni Pulao | G8: =INDEX($M$4:$M$25,MATCH($E8,$L$4:$L$25,0)) -> 1 | H8: {=_xlfn.TEXTJOIN(", ",TRUE(),IF((Data!$A$3:$A$278=$E8)*(Data!$L$3:$L$278=0),Data!$C$3:$C$278,""))} | L8: R005 | M8: =SUMIFS(Data!$L$3:$L$278,Data!$A$3:$A$278,$L8)/COUNTIFS(Data!$A$3:$A$278,$L8) -> 0.91666667 | N8: =$M8+ROW()/1000000 -> 0.91667467
A9: =IF(INDEX(Pantry!$I$7:$I$68,MATCH($B9,Pantry!$A$7:$A$68,0))>0,"☑","☐") -> ☑ | B9: Curry_Leaves | D9: 6 | E9: =INDEX($L$4:$L$25,MATCH(LARGE($N$4:$N$25,$D9),$N$4:$N$25,0)) -> R017 | F9: =VLOOKUP($E9,Lists!$A$2:$B$23,2,0) -> Qeema (Dhaba Style Aloo Qeema) | G9: =INDEX($M$4:$M$25,MATCH($E9,$L$4:$L$25,0)) -> 0.93333333 | H9: {=_xlfn.TEXTJOIN(", ",TRUE(),IF((Data!$A$3:$A$278=$E9)*(Data!$L$3:$L$278=0),Data!$C$3:$C$278,""))} -> Kashmiri_Red_Chilli_Powder | L9: R006a | M9: =SUMIFS(Data!$L$3:$L$278,Data!$A$3:$A$278,$L9)/COUNTIFS(Data!$A$3:$A$278,$L9) -> 1 | N9: =$M9+ROW()/1000000 -> 1.000009
A10: =IF(INDEX(Pantry!$I$7:$I$68,MATCH($B10,Pantry!$A$7:$A$68,0))>0,"☑","☐") -> ☑ | B10: Fresh_Coriander | D10: 7 | E10: =INDEX($L$4:$L$25,MATCH(LARGE($N$4:$N$25,$D10),$N$4:$N$25,0)) -> R008 | F10: =VLOOKUP($E10,Lists!$A$2:$B$23,2,0) -> Shami Kabab | G10: =INDEX($M$4:$M$25,MATCH($E10,$L$4:$L$25,0)) -> 0.93333333 | H10: {=_xlfn.TEXTJOIN(", ",TRUE(),IF((Data!$A$3:$A$278=$E10)*(Data!$L$3:$L$278=0),Data!$C$3:$C$278,""))} -> Mint | L10: R006b | M10: =SUMIFS(Data!$L$3:$L$278,Data!$A$3:$A$278,$L10)/COUNTIFS(Data!$A$3:$A$278,$L10) -> 1 | N10: =$M10+ROW()/1000000 -> 1.00001
A11: =IF(INDEX(Pantry!$I$7:$I$68,MATCH($B11,Pantry!$A$7:$A$68,0))>0,"☑","☐") -> ☑ | B11: Ginger | D11: 8 | E11: =INDEX($L$4:$L$25,MATCH(LARGE($N$4:$N$25,$D11),$N$4:$N$25,0)) -> R014 | F11: =VLOOKUP($E11,Lists!$A$2:$B$23,2,0) -> Gobi Masala (Dhaba Style) | G11: =INDEX($M$4:$M$25,MATCH($E11,$L$4:$L$25,0)) -> 0.92857143 | H11: {=_xlfn.TEXTJOIN(", ",TRUE(),IF((Data!$A$3:$A$278=$E11)*(Data!$L$3:$L$278=0),Data!$C$3:$C$278,""))} -> Cauliflower_Gobi | L11: R006c | M11: =SUMIFS(Data!$L$3:$L$278,Data!$A$3:$A$278,$L11)/COUNTIFS(Data!$A$3:$A$278,$L11) -> 0.91666667 | N11: =$M11+ROW()/1000000 -> 0.91667767
A12: =IF(INDEX(Pantry!$I$7:$I$68,MATCH($B12,Pantry!$A$7:$A$68,0))>0,"☑","☐") -> ☑ | B12: Green_Chilli | D12: 9 | E12: =INDEX($L$4:$L$25,MATCH(LARGE($N$4:$N$25,$D12),$N$4:$N$25,0)) -> R009 | F12: =VLOOKUP($E12,Lists!$A$2:$B$23,2,0) -> Chicken Manchurian | G12: =INDEX($M$4:$M$25,MATCH($E12,$L$4:$L$25,0)) -> 0.92857143 | H12: {=_xlfn.TEXTJOIN(", ",TRUE(),IF((Data!$A$3:$A$278=$E12)*(Data!$L$3:$L$278=0),Data!$C$3:$C$278,""))} -> Spring_Onion | L12: R007 | M12: =SUMIFS(Data!$L$3:$L$278,Data!$A$3:$A$278,$L12)/COUNTIFS(Data!$A$3:$A$278,$L12) -> 0.85714286 | N12: =$M12+ROW()/1000000 -> 0.85715486
A13: =IF(INDEX(Pantry!$I$7:$I$68,MATCH($B13,Pantry!$A$7:$A$68,0))>0,"☑","☐") -> ☑ | B13: Lemon | D13: 10 | E13: =INDEX($L$4:$L$25,MATCH(LARGE($N$4:$N$25,$D13),$N$4:$N$25,0)) -> R019 | F13: =VLOOKUP($E13,Lists!$A$2:$B$23,2,0) -> Khichri (Spicy Fried Khichdi) | G13: =INDEX($M$4:$M$25,MATCH($E13,$L$4:$L$25,0)) -> 0.91666667 | H13: {=_xlfn.TEXTJOIN(", ",TRUE(),IF((Data!$A$3:$A$278=$E13)*(Data!$L$3:$L$278=0),Data!$C$3:$C$278,""))} -> Spring_Onion | L13: R008 | M13: =SUMIFS(Data!$L$3:$L$278,Data!$A$3:$A$278,$L13)/COUNTIFS(Data!$A$3:$A$278,$L13) -> 0.93333333 | N13: =$M13+ROW()/1000000 -> 0.93334633
A14: =IF(INDEX(Pantry!$I$7:$I$68,MATCH($B14,Pantry!$A$7:$A$68,0))>0,"☑","☐") -> ☐ | B14: Mint | D14: 11 | E14: =INDEX($L$4:$L$25,MATCH(LARGE($N$4:$N$25,$D14),$N$4:$N$25,0)) -> R015 | F14: =VLOOKUP($E14,Lists!$A$2:$B$23,2,0) -> Karela (Qeema Karelay) | G14: =INDEX($M$4:$M$25,MATCH($E14,$L$4:$L$25,0)) -> 0.91666667 | H14: {=_xlfn.TEXTJOIN(", ",TRUE(),IF((Data!$A$3:$A$278=$E14)*(Data!$L$3:$L$278=0),Data!$C$3:$C$278,""))} -> Bitter_Gourd_Karela | L14: R009 | M14: =SUMIFS(Data!$L$3:$L$278,Data!$A$3:$A$278,$L14)/COUNTIFS(Data!$A$3:$A$278,$L14) -> 0.92857143 | N14: =$M14+ROW()/1000000 -> 0.92858543
A15: =IF(INDEX(Pantry!$I$7:$I$68,MATCH($B15,Pantry!$A$7:$A$68,0))>0,"☑","☐") -> ☐ | B15: Mustard_Greens_Saag | D15: 12 | E15: =INDEX($L$4:$L$25,MATCH(LARGE($N$4:$N$25,$D15),$N$4:$N$25,0)) -> R013 | F15: =VLOOKUP($E15,Lists!$A$2:$B$23,2,0) -> Bhindi (Masala Aloo Bhindi) | G15: =INDEX($M$4:$M$25,MATCH($E15,$L$4:$L$25,0)) -> 0.91666667 | H15: {=_xlfn.TEXTJOIN(", ",TRUE(),IF((Data!$A$3:$A$278=$E15)*(Data!$L$3:$L$278=0),Data!$C$3:$C$278,""))} -> Okra_Bhindi | L15: R010 | M15: =SUMIFS(Data!$L$3:$L$278,Data!$A$3:$A$278,$L15)/COUNTIFS(Data!$A$3:$A$278,$L15) -> 0.81818182 | N15: =$M15+ROW()/1000000 -> 0.81819682
... A25: =IF(INDEX(Pantry!$I$7:$I$68,MATCH($B25,Pantry!$A$7:$A$68,0))>0,"☑","☐") -> ☑ | B25: Chicken | D25: 22 | E25: =INDEX($L$4:$L$25,MATCH(LARGE($N$4:$N$25,$D25),$N$4:$N$25,0)) -> R020 | F25: =VLOOKUP($E25,Lists!$A$2:$B$23,2,0) -> Saag (Sarson Ka Saag) | G25: =INDEX($M$4:$M$25,MATCH($E25,$L$4:$L$25,0)) -> 0.8 | H25: {=_xlfn.TEXTJOIN(", ",TRUE(),IF((Data!$A$3:$A$278=$E25)*(Data!$L$3:$L$278=0),Data!$C$3:$C$278,""))} -> Mustard_Greens_Saag, Maize_Flour_Makai | L25: R020 | M25: =SUMIFS(Data!$L$3:$L$278,Data!$A$3:$A$278,$L25)/COUNTIFS(Data!$A$3:$A$278,$L25) -> 0.8 | N25: =$M25+ROW()/1000000 -> 0.800025
A26: =IF(INDEX(Pantry!$I$7:$I$68,MATCH($B26,Pantry!$A$7:$A$68,0))>0,"☑","☐") -> ☑ | B26: Butter
A27: =IF(INDEX(Pantry!$I$7:$I$68,MATCH($B27,Pantry!$A$7:$A$68,0))>0,"☑","☐") -> ☑ | B27: Eggs
A28: =IF(INDEX(Pantry!$I$7:$I$68,MATCH($B28,Pantry!$A$7:$A$68,0))>0,"☑","☐") -> ☑ | B28: Yogurt
A29: =IF(INDEX(Pantry!$I$7:$I$68,MATCH($B29,Pantry!$A$7:$A$68,0))>0,"☑","☐") -> ☑ | B29: Biryani_Masala
A30: =IF(INDEX(Pantry!$I$7:$I$68,MATCH($B30,Pantry!$A$7:$A$68,0))>0,"☑","☐") -> ☑ | B30: Black_Pepper_Powder
A31: =IF(INDEX(Pantry!$I$7:$I$68,MATCH($B31,Pantry!$A$7:$A$68,0))>0,"☑","☐") -> ☑ | B31: Coriander_Powder
A32: =IF(INDEX(Pantry!$I$7:$I$68,MATCH($B32,Pantry!$A$7:$A$68,0))>0,"☑","☐") -> ☑ | B32: Coriander_Seeds
A33: =IF(INDEX(Pantry!$I$7:$I$68,MATCH($B33,Pantry!$A$7:$A$68,0))>0,"☑","☐") -> ☑ | B33: Cumin_Seeds
A34: =IF(INDEX(Pantry!$I$7:$I$68,MATCH($B34,Pantry!$A$7:$A$68,0))>0,"☑","☐") -> ☑ | B34: Dried_Fenugreek_Leaves
A35: =IF(INDEX(Pantry!$I$7:$I$68,MATCH($B35,Pantry!$A$7:$A$68,0))>0,"☑","☐") -> ☑ | B35: Fennel_Seeds
A36: =IF(INDEX(Pantry!$I$7:$I$68,MATCH($B36,Pantry!$A$7:$A$68,0))>0,"☑","☐") -> ☑ | B36: Garam_Masala_Powder
A37: =IF(INDEX(Pantry!$I$7:$I$68,MATCH($B37,Pantry!$A$7:$A$68,0))>0,"☑","☐") -> ☐ | B37: Kashmiri_Red_Chilli_Powder
... A65: =IF(INDEX(Pantry!$I$7:$I$68,MATCH($B65,Pantry!$A$7:$A$68,0))>0,"☑","☐") -> ☐ | B65: Red_Kidney_Beans

Sheet Recipe Card
B2: Recipe Card
B3: Pick a dish: | C3: Daal Mash with Tadka
B4: Source serves: | C4: =IF($C$3="","",INDEX(Lists!$C$2:$C$23,MATCH($C$3,Lists!$B$2:$B$23,0))&" persons") -> 4 persons | F4: =IF($C$3="","",HYPERLINK(INDEX(Lists!$E$2:$E$23,MATCH($C$3,Lists!$B$2:$B$23,0)),"> WATCH VIDEO")) -> > WATCH VIDEO
B5: You're cooking for: | C5: =IF($C$3="","",Home!$D$5&" persons (change on Home)") -> 1 persons (change on Home) | F5: =IF($C$3="","",HYPERLINK(INDEX(Lists!$D$2:$D$23,MATCH($C$3,Lists!$B$2:$B$23,0)),"READ FULL RECIPE")) -> READ FULL RECIPE
B6: Time: | C6: =IF($C$3="","",INDEX(Recipes!$D$6:$D$27,MATCH($C$3,Recipes!$B$6:$B$27,0))) -> 45 min
B7: Notes: | C7: =IF($C$3="","",INDEX(Recipes!$H$6:$H$27,MATCH($C$3,Recipes!$B$6:$B$27,0))) -> Dry-style mash daal; ginger julienne + butter tadka on top.
B9: Ingredient | C9: You Need | D9: Unit | E9: In Pantry | F9: Status
B10: {=IFERROR(INDEX(Data!$C$3:$C$278,SMALL(IF(Data!$B$3:$B$278=$C$3,ROW(Data!$B$3:$B$278)-2),1)),"")} -> Mash_Daal | C10: =IF($B10="","",ROUND(SUMIFS(Data!$G$3:$G$278,Data!$B$3:$B$278,$C$3,Data!$C$3:$C$278,$B10)*Home!$D$5,2)) -> 75 | D10: =IF($B10="","",VLOOKUP($B10,Pantry!$A$7:$C$68,3,0)) -> g | E10: =IF($B10="","",VLOOKUP($B10,Pantry!$A$7:$I$68,9,0)) -> 250 | F10: =IF($B10="","",IF($E10>=$C10-0.0001,"☑ Have it","BUY "&TEXT($C10-$E10,"0.##")&" "&$D10)) -> ☑ Have it
B11: {=IFERROR(INDEX(Data!$C$3:$C$278,SMALL(IF(Data!$B$3:$B$278=$C$3,ROW(Data!$B$3:$B$278)-2),2)),"")} -> Onion | C11: =IF($B11="","",ROUND(SUMIFS(Data!$G$3:$G$278,Data!$B$3:$B$278,$C$3,Data!$C$3:$C$278,$B11)*Home!$D$5,2)) -> 0.25 | D11: =IF($B11="","",VLOOKUP($B11,Pantry!$A$7:$C$68,3,0)) -> unit | E11: =IF($B11="","",VLOOKUP($B11,Pantry!$A$7:$I$68,9,0)) -> 6 | F11: =IF($B11="","",IF($E11>=$C11-0.0001,"☑ Have it","BUY "&TEXT($C11-$E11,"0.##")&" "&$D11)) -> ☑ Have it
B12: {=IFERROR(INDEX(Data!$C$3:$C$278,SMALL(IF(Data!$B$3:$B$278=$C$3,ROW(Data!$B$3:$B$278)-2),3)),"")} -> Tomato | C12: =IF($B12="","",ROUND(SUMIFS(Data!$G$3:$G$278,Data!$B$3:$B$278,$C$3,Data!$C$3:$C$278,$B12)*Home!$D$5,2)) -> 0.25 | D12: =IF($B12="","",VLOOKUP($B12,Pantry!$A$7:$C$68,3,0)) -> unit | E12: =IF($B12="","",VLOOKUP($B12,Pantry!$A$7:$I$68,9,0)) -> 4 | F12: =IF($B12="","",IF($E12>=$C12-0.0001,"☑ Have it","BUY "&TEXT($C12-$E12,"0.##")&" "&$D12)) -> ☑ Have it
B13: {=IFERROR(INDEX(Data!$C$3:$C$278,SMALL(IF(Data!$B$3:$B$278=$C$3,ROW(Data!$B$3:$B$278)-2),4)),"")} -> Ginger | C13: =IF($B13="","",ROUND(SUMIFS(Data!$G$3:$G$278,Data!$B$3:$B$278,$C$3,Data!$C$3:$C$278,$B13)*Home!$D$5,2)) -> 0.5 | D13: =IF($B13="","",VLOOKUP($B13,Pantry!$A$7:$C$68,3,0)) -> inch | E13: =IF($B13="","",VLOOKUP($B13,Pantry!$A$7:$I$68,9,0)) -> 3 | F13: =IF($B13="","",IF($E13>=$C13-0.0001,"☑ Have it","BUY "&TEXT($C13-$E13,"0.##")&" "&$D13)) -> ☑ Have it
B14: {=IFERROR(INDEX(Data!$C$3:$C$278,SMALL(IF(Data!$B$3:$B$278=$C$3,ROW(Data!$B$3:$B$278)-2),5)),"")} -> Green_Chilli | C14: =IF($B14="","",ROUND(SUMIFS(Data!$G$3:$G$278,Data!$B$3:$B$278,$C$3,Data!$C$3:$C$278,$B14)*Home!$D$5,2)) -> 0.75 | D14: =IF($B14="","",VLOOKUP($B14,Pantry!$A$7:$C$68,3,0)) -> unit | E14: =IF($B14="","",VLOOKUP($B14,Pantry!$A$7:$I$68,9,0)) -> 10 | F14: =IF($B14="","",IF($E14>=$C14-0.0001,"☑ Have it","BUY "&TEXT($C14-$E14,"0.##")&" "&$D14)) -> ☑ Have it
B15: {=IFERROR(INDEX(Data!$C$3:$C$278,SMALL(IF(Data!$B$3:$B$278=$C$3,ROW(Data!$B$3:$B$278)-2),6)),"")} -> Cumin_Seeds | C15: =IF($B15="","",ROUND(SUMIFS(Data!$G$3:$G$278,Data!$B$3:$B$278,$C$3,Data!$C$3:$C$278,$B15)*Home!$D$5,2)) -> 0.5 | D15: =IF($B15="","",VLOOKUP($B15,Pantry!$A$7:$C$68,3,0)) -> tsp | E15: =IF($B15="","",VLOOKUP($B15,Pantry!$A$7:$I$68,9,0)) -> 8 | F15: =IF($B15="","",IF($E15>=$C15-0.0001,"☑ Have it","BUY "&TEXT($C15-$E15,"0.##")&" "&$D15)) -> ☑ Have it
B16: {=IFERROR(INDEX(Data!$C$3:$C$278,SMALL(IF(Data!$B$3:$B$278=$C$3,ROW(Data!$B$3:$B$278)-2),7)),"")} -> Red_Chilli_Powder | C16: =IF($B16="","",ROUND(SUMIFS(Data!$G$3:$G$278,Data!$B$3:$B$278,$C$3,Data!$C$3:$C$278,$B16)*Home!$D$5,2)) -> 0.38 | D16: =IF($B16="","",VLOOKUP($B16,Pantry!$A$7:$C$68,3,0)) -> tsp | E16: =IF($B16="","",VLOOKUP($B16,Pantry!$A$7:$I$68,9,0)) -> 20 | F16: =IF($B16="","",IF($E16>=$C16-0.0001,"☑ Have it","BUY "&TEXT($C16-$E16,"0.##")&" "&$D16)) -> ☑ Have it
B17: {=IFERROR(INDEX(Data!$C$3:$C$278,SMALL(IF(Data!$B$3:$B$278=$C$3,ROW(Data!$B$3:$B$278)-2),8)),"")} -> Turmeric_Powder | C17: =IF($B17="","",ROUND(SUMIFS(Data!$G$3:$G$278,Data!$B$3:$B$278,$C$3,Data!$C$3:$C$278,$B17)*Home!$D$5,2)) -> 0.13 | D17: =IF($B17="","",VLOOKUP($B17,Pantry!$A$7:$C$68,3,0)) -> tsp | E17: =IF($B17="","",VLOOKUP($B17,Pantry!$A$7:$I$68,9,0)) -> 15 | F17: =IF($B17="","",IF($E17>=$C17-0.0001,"☑ Have it","BUY "&TEXT($C17-$E17,"0.##")&" "&$D17)) -> ☑ Have it
B18: {=IFERROR(INDEX(Data!$C$3:$C$278,SMALL(IF(Data!$B$3:$B$278=$C$3,ROW(Data!$B$3:$B$278)-2),9)),"")} -> Cooking_Oil | C18: =IF($B18="","",ROUND(SUMIFS(Data!$G$3:$G$278,Data!$B$3:$B$278,$C$3,Data!$C$3:$C$278,$B18)*Home!$D$5,2)) -> 0.13 | D18: =IF($B18="","",VLOOKUP($B18,Pantry!$A$7:$C$68,3,0)) -> cup | E18: =IF($B18="","",VLOOKUP($B18,Pantry!$A$7:$I$68,9,0)) -> 5 | F18: =IF($B18="","",IF($E18>=$C18-0.0001,"☑ Have it","BUY "&TEXT($C18-$E18,"0.##")&" "&$D18)) -> ☑ Have it
B19: {=IFERROR(INDEX(Data!$C$3:$C$278,SMALL(IF(Data!$B$3:$B$278=$C$3,ROW(Data!$B$3:$B$278)-2),10)),"")} -> Salt | C19: =IF($B19="","",ROUND(SUMIFS(Data!$G$3:$G$278,Data!$B$3:$B$278,$C$3,Data!$C$3:$C$278,$B19)*Home!$D$5,2)) -> 0.38 | D19: =IF($B19="","",VLOOKUP($B19,Pantry!$A$7:$C$68,3,0)) -> tsp | E19: =IF($B19="","",VLOOKUP($B19,Pantry!$A$7:$I$68,9,0)) -> 50 | F19: =IF($B19="","",IF($E19>=$C19-0.0001,"☑ Have it","BUY "&TEXT($C19-$E19,"0.##")&" "&$D19)) -> ☑ Have it
B20: {=IFERROR(INDEX(Data!$C$3:$C$278,SMALL(IF(Data!$B$3:$B$278=$C$3,ROW(Data!$B$3:$B$278)-2),11)),"")} -> Fresh_Coriander | C20: =IF($B20="","",ROUND(SUMIFS(Data!$G$3:$G$278,Data!$B$3:$B$278,$C$3,Data!$C$3:$C$278,$B20)*Home!$D$5,2)) -> 0.13 | D20: =IF($B20="","",VLOOKUP($B20,Pantry!$A$7:$C$68,3,0)) -> bunch | E20: =IF($B20="","",VLOOKUP($B20,Pantry!$A$7:$I$68,9,0)) -> 2 | F20: =IF($B20="","",IF($E20>=$C20-0.0001,"☑ Have it","BUY "&TEXT($C20-$E20,"0.##")&" "&$D20)) -> ☑ Have it
B21: {=IFERROR(INDEX(Data!$C$3:$C$278,SMALL(IF(Data!$B$3:$B$278=$C$3,ROW(Data!$B$3:$B$278)-2),12)),"")} -> Butter | C21: =IF($B21="","",ROUND(SUMIFS(Data!$G$3:$G$278,Data!$B$3:$B$278,$C$3,Data!$C$3:$C$278,$B21)*Home!$D$5,2)) -> 0.5 | D21: =IF($B21="","",VLOOKUP($B21,Pantry!$A$7:$C$68,3,0)) -> tbsp | E21: =IF($B21="","",VLOOKUP($B21,Pantry!$A$7:$I$68,9,0)) -> 8 | F21: =IF($B21="","",IF($E21>=$C21-0.0001,"☑ Have it","BUY "&TEXT($C21-$E21,"0.##")&" "&$D21)) -> ☑ Have it
B22: {=IFERROR(INDEX(Data!$C$3:$C$278,SMALL(IF(Data!$B$3:$B$278=$C$3,ROW(Data!$B$3:$B$278)-2),13)),"")} | C22: =IF($B22="","",ROUND(SUMIFS(Data!$G$3:$G$278,Data!$B$3:$B$278,$C$3,Data!$C$3:$C$278,$B22)*Home!$D$5,2)) | D22: =IF($B22="","",VLOOKUP($B22,Pantry!$A$7:$C$68,3,0)) | E22: =IF($B22="","",VLOOKUP($B22,Pantry!$A$7:$I$68,9,0)) | F22: =IF($B22="","",IF($E22>=$C22-0.0001,"☑ Have it","BUY "&TEXT($C22-$E22,"0.##")&" "&$D22))
B23: {=IFERROR(INDEX(Data!$C$3:$C$278,SMALL(IF(Data!$B$3:$B$278=$C$3,ROW(Data!$B$3:$B$278)-2),14)),"")} | C23: =IF($B23="","",ROUND(SUMIFS(Data!$G$3:$G$278,Data!$B$3:$B$278,$C$3,Data!$C$3:$C$278,$B23)*Home!$D$5,2)) | D23: =IF($B23="","",VLOOKUP($B23,Pantry!$A$7:$C$68,3,0)) | E23: =IF($B23="","",VLOOKUP($B23,Pantry!$A$7:$I$68,9,0)) | F23: =IF($B23="","",IF($E23>=$C23-0.0001,"☑ Have it","BUY "&TEXT($C23-$E23,"0.##")&" "&$D23))
B24: {=IFERROR(INDEX(Data!$C$3:$C$278,SMALL(IF(Data!$B$3:$B$278=$C$3,ROW(Data!$B$3:$B$278)-2),15)),"")} | C24: =IF($B24="","",ROUND(SUMIFS(Data!$G$3:$G$278,Data!$B$3:$B$278,$C$3,Data!$C$3:$C$278,$B24)*Home!$D$5,2)) | D24: =IF($B24="","",VLOOKUP($B24,Pantry!$A$7:$C$68,3,0)) | E24: =IF($B24="","",VLOOKUP($B24,Pantry!$A$7:$I$68,9,0)) | F24: =IF($B24="","",IF($E24>=$C24-0.0001,"☑ Have it","BUY "&TEXT($C24-$E24,"0.##")&" "&$D24))
B25: {=IFERROR(INDEX(Data!$C$3:$C$278,SMALL(IF(Data!$B$3:$B$278=$C$3,ROW(Data!$B$3:$B$278)-2),16)),"")} | C25: =IF($B25="","",ROUND(SUMIFS(Data!$G$3:$G$278,Data!$B$3:$B$278,$C$3,Data!$C$3:$C$278,$B25)*Home!$D$5,2)) | D25: =IF($B25="","",VLOOKUP($B25,Pantry!$A$7:$C$68,3,0)) | E25: =IF($B25="","",VLOOKUP($B25,Pantry!$A$7:$I$68,9,0)) | F25: =IF($B25="","",IF($E25>=$C25-0.0001,"☑ Have it","BUY "&TEXT($C25-$E25,"0.##")&" "&$D25))
B26: {=IFERROR(INDEX(Data!$C$3:$C$278,SMALL(IF(Data!$B$3:$B$278=$C$3,ROW(Data!$B$3:$B$278)-2),17)),"")} | C26: =IF($B26="","",ROUND(SUMIFS(Data!$G$3:$G$278,Data!$B$3:$B$278,$C$3,Data!$C$3:$C$278,$B26)*Home!$D$5,2)) | D26: =IF($B26="","",VLOOKUP($B26,Pantry!$A$7:$C$68,3,0)) | E26: =IF($B26="","",VLOOKUP($B26,Pantry!$A$7:$I$68,9,0)) | F26: =IF($B26="","",IF($E26>=$C26-0.0001,"☑ Have it","BUY "&TEXT($C26-$E26,"0.##")&" "&$D26))
B27: {=IFERROR(INDEX(Data!$C$3:$C$278,SMALL(IF(Data!$B$3:$B$278=$C$3,ROW(Data!$B$3:$B$278)-2),18)),"")} | C27: =IF($B27="","",ROUND(SUMIFS(Data!$G$3:$G$278,Data!$B$3:$B$278,$C$3,Data!$C$3:$C$278,$B27)*Home!$D$5,2)) | D27: =IF($B27="","",VLOOKUP($B27,Pantry!$A$7:$C$68,3,0)) | E27: =IF($B27="","",VLOOKUP($B27,Pantry!$A$7:$I$68,9,0)) | F27: =IF($B27="","",IF($E27>=$C27-0.0001,"☑ Have it","BUY "&TEXT($C27-$E27,"0.##")&" "&$D27))
